[{"model": "auth.permission", "pk": 1, "fields": {"name": "Can add log entry", "content_type": 1, "codename": "add_logentry"}}, {"model": "auth.permission", "pk": 2, "fields": {"name": "Can change log entry", "content_type": 1, "codename": "change_logentry"}}, {"model": "auth.permission", "pk": 3, "fields": {"name": "Can delete log entry", "content_type": 1, "codename": "delete_logentry"}}, {"model": "auth.permission", "pk": 4, "fields": {"name": "Can view log entry", "content_type": 1, "codename": "view_logentry"}}, {"model": "auth.permission", "pk": 5, "fields": {"name": "Can add permission", "content_type": 2, "codename": "add_permission"}}, {"model": "auth.permission", "pk": 6, "fields": {"name": "Can change permission", "content_type": 2, "codename": "change_permission"}}, {"model": "auth.permission", "pk": 7, "fields": {"name": "Can delete permission", "content_type": 2, "codename": "delete_permission"}}, {"model": "auth.permission", "pk": 8, "fields": {"name": "Can view permission", "content_type": 2, "codename": "view_permission"}}, {"model": "auth.permission", "pk": 9, "fields": {"name": "Can add group", "content_type": 3, "codename": "add_group"}}, {"model": "auth.permission", "pk": 10, "fields": {"name": "Can change group", "content_type": 3, "codename": "change_group"}}, {"model": "auth.permission", "pk": 11, "fields": {"name": "Can delete group", "content_type": 3, "codename": "delete_group"}}, {"model": "auth.permission", "pk": 12, "fields": {"name": "Can view group", "content_type": 3, "codename": "view_group"}}, {"model": "auth.permission", "pk": 13, "fields": {"name": "Can add content type", "content_type": 4, "codename": "add_contenttype"}}, {"model": "auth.permission", "pk": 14, "fields": {"name": "Can change content type", "content_type": 4, "codename": "change_contenttype"}}, {"model": "auth.permission", "pk": 15, "fields": {"name": "Can delete content type", "content_type": 4, "codename": "delete_contenttype"}}, {"model": "auth.permission", "pk": 16, "fields": {"name": "Can view content type", "content_type": 4, "codename": "view_contenttype"}}, {"model": "auth.permission", "pk": 17, "fields": {"name": "Can add session", "content_type": 5, "codename": "add_session"}}, {"model": "auth.permission", "pk": 18, "fields": {"name": "Can change session", "content_type": 5, "codename": "change_session"}}, {"model": "auth.permission", "pk": 19, "fields": {"name": "Can delete session", "content_type": 5, "codename": "delete_session"}}, {"model": "auth.permission", "pk": 20, "fields": {"name": "Can view session", "content_type": 5, "codename": "view_session"}}, {"model": "auth.permission", "pk": 21, "fields": {"name": "Can add attendance", "content_type": 6, "codename": "add_attendance"}}, {"model": "auth.permission", "pk": 22, "fields": {"name": "Can change attendance", "content_type": 6, "codename": "change_attendance"}}, {"model": "auth.permission", "pk": 23, "fields": {"name": "Can delete attendance", "content_type": 6, "codename": "delete_attendance"}}, {"model": "auth.permission", "pk": 24, "fields": {"name": "Can view attendance", "content_type": 6, "codename": "view_attendance"}}, {"model": "auth.permission", "pk": 25, "fields": {"name": "Can add contact", "content_type": 7, "codename": "add_contact"}}, {"model": "auth.permission", "pk": 26, "fields": {"name": "Can change contact", "content_type": 7, "codename": "change_contact"}}, {"model": "auth.permission", "pk": 27, "fields": {"name": "Can delete contact", "content_type": 7, "codename": "delete_contact"}}, {"model": "auth.permission", "pk": 28, "fields": {"name": "Can view contact", "content_type": 7, "codename": "view_contact"}}, {"model": "auth.permission", "pk": 29, "fields": {"name": "Can add courses", "content_type": 8, "codename": "add_courses"}}, {"model": "auth.permission", "pk": 30, "fields": {"name": "Can change courses", "content_type": 8, "codename": "change_courses"}}, {"model": "auth.permission", "pk": 31, "fields": {"name": "Can delete courses", "content_type": 8, "codename": "delete_courses"}}, {"model": "auth.permission", "pk": 32, "fields": {"name": "Can view courses", "content_type": 8, "codename": "view_courses"}}, {"model": "auth.permission", "pk": 33, "fields": {"name": "Can add session year model", "content_type": 9, "codename": "add_sessionyearmodel"}}, {"model": "auth.permission", "pk": 34, "fields": {"name": "Can change session year model", "content_type": 9, "codename": "change_sessionyearmodel"}}, {"model": "auth.permission", "pk": 35, "fields": {"name": "Can delete session year model", "content_type": 9, "codename": "delete_sessionyearmodel"}}, {"model": "auth.permission", "pk": 36, "fields": {"name": "Can view session year model", "content_type": 9, "codename": "view_sessionyearmodel"}}, {"model": "auth.permission", "pk": 37, "fields": {"name": "Can add user", "content_type": 10, "codename": "add_customuser"}}, {"model": "auth.permission", "pk": 38, "fields": {"name": "Can change user", "content_type": 10, "codename": "change_customuser"}}, {"model": "auth.permission", "pk": 39, "fields": {"name": "Can delete user", "content_type": 10, "codename": "delete_customuser"}}, {"model": "auth.permission", "pk": 40, "fields": {"name": "Can view user", "content_type": 10, "codename": "view_customuser"}}, {"model": "auth.permission", "pk": 41, "fields": {"name": "Can add subjects", "content_type": 11, "codename": "add_subjects"}}, {"model": "auth.permission", "pk": 42, "fields": {"name": "Can change subjects", "content_type": 11, "codename": "change_subjects"}}, {"model": "auth.permission", "pk": 43, "fields": {"name": "Can delete subjects", "content_type": 11, "codename": "delete_subjects"}}, {"model": "auth.permission", "pk": 44, "fields": {"name": "Can view subjects", "content_type": 11, "codename": "view_subjects"}}, {"model": "auth.permission", "pk": 45, "fields": {"name": "Can add students", "content_type": 12, "codename": "add_students"}}, {"model": "auth.permission", "pk": 46, "fields": {"name": "Can change students", "content_type": 12, "codename": "change_students"}}, {"model": "auth.permission", "pk": 47, "fields": {"name": "Can delete students", "content_type": 12, "codename": "delete_students"}}, {"model": "auth.permission", "pk": 48, "fields": {"name": "Can view students", "content_type": 12, "codename": "view_students"}}, {"model": "auth.permission", "pk": 49, "fields": {"name": "Can add student result", "content_type": 13, "codename": "add_studentresult"}}, {"model": "auth.permission", "pk": 50, "fields": {"name": "Can change student result", "content_type": 13, "codename": "change_studentresult"}}, {"model": "auth.permission", "pk": 51, "fields": {"name": "Can delete student result", "content_type": 13, "codename": "delete_studentresult"}}, {"model": "auth.permission", "pk": 52, "fields": {"name": "Can view student result", "content_type": 13, "codename": "view_studentresult"}}, {"model": "auth.permission", "pk": 53, "fields": {"name": "Can add staffs", "content_type": 14, "codename": "add_staffs"}}, {"model": "auth.permission", "pk": 54, "fields": {"name": "Can change staffs", "content_type": 14, "codename": "change_staffs"}}, {"model": "auth.permission", "pk": 55, "fields": {"name": "Can delete staffs", "content_type": 14, "codename": "delete_staffs"}}, {"model": "auth.permission", "pk": 56, "fields": {"name": "Can view staffs", "content_type": 14, "codename": "view_staffs"}}, {"model": "auth.permission", "pk": 57, "fields": {"name": "Can add staff_ notification", "content_type": 15, "codename": "add_staff_notification"}}, {"model": "auth.permission", "pk": 58, "fields": {"name": "Can change staff_ notification", "content_type": 15, "codename": "change_staff_notification"}}, {"model": "auth.permission", "pk": 59, "fields": {"name": "Can delete staff_ notification", "content_type": 15, "codename": "delete_staff_notification"}}, {"model": "auth.permission", "pk": 60, "fields": {"name": "Can view staff_ notification", "content_type": 15, "codename": "view_staff_notification"}}, {"model": "auth.permission", "pk": 61, "fields": {"name": "Can add notification student", "content_type": 16, "codename": "add_notificationstudent"}}, {"model": "auth.permission", "pk": 62, "fields": {"name": "Can change notification student", "content_type": 16, "codename": "change_notificationstudent"}}, {"model": "auth.permission", "pk": 63, "fields": {"name": "Can delete notification student", "content_type": 16, "codename": "delete_notificationstudent"}}, {"model": "auth.permission", "pk": 64, "fields": {"name": "Can view notification student", "content_type": 16, "codename": "view_notificationstudent"}}, {"model": "auth.permission", "pk": 65, "fields": {"name": "Can add leave report student", "content_type": 17, "codename": "add_leavereportstudent"}}, {"model": "auth.permission", "pk": 66, "fields": {"name": "Can change leave report student", "content_type": 17, "codename": "change_leavereportstudent"}}, {"model": "auth.permission", "pk": 67, "fields": {"name": "Can delete leave report student", "content_type": 17, "codename": "delete_leavereportstudent"}}, {"model": "auth.permission", "pk": 68, "fields": {"name": "Can view leave report student", "content_type": 17, "codename": "view_leavereportstudent"}}, {"model": "auth.permission", "pk": 69, "fields": {"name": "Can add leave report staff", "content_type": 18, "codename": "add_leavereportstaff"}}, {"model": "auth.permission", "pk": 70, "fields": {"name": "Can change leave report staff", "content_type": 18, "codename": "change_leavereportstaff"}}, {"model": "auth.permission", "pk": 71, "fields": {"name": "Can delete leave report staff", "content_type": 18, "codename": "delete_leavereportstaff"}}, {"model": "auth.permission", "pk": 72, "fields": {"name": "Can view leave report staff", "content_type": 18, "codename": "view_leavereportstaff"}}, {"model": "auth.permission", "pk": 73, "fields": {"name": "Can add feed back student", "content_type": 19, "codename": "add_feedbackstudent"}}, {"model": "auth.permission", "pk": 74, "fields": {"name": "Can change feed back student", "content_type": 19, "codename": "change_feedbackstudent"}}, {"model": "auth.permission", "pk": 75, "fields": {"name": "Can delete feed back student", "content_type": 19, "codename": "delete_feedbackstudent"}}, {"model": "auth.permission", "pk": 76, "fields": {"name": "Can view feed back student", "content_type": 19, "codename": "view_feedbackstudent"}}, {"model": "auth.permission", "pk": 77, "fields": {"name": "Can add feed back staffs", "content_type": 20, "codename": "add_feedbackstaffs"}}, {"model": "auth.permission", "pk": 78, "fields": {"name": "Can change feed back staffs", "content_type": 20, "codename": "change_feedbackstaffs"}}, {"model": "auth.permission", "pk": 79, "fields": {"name": "Can delete feed back staffs", "content_type": 20, "codename": "delete_feedbackstaffs"}}, {"model": "auth.permission", "pk": 80, "fields": {"name": "Can view feed back staffs", "content_type": 20, "codename": "view_feedbackstaffs"}}, {"model": "auth.permission", "pk": 81, "fields": {"name": "Can add attendance report", "content_type": 21, "codename": "add_attendancereport"}}, {"model": "auth.permission", "pk": 82, "fields": {"name": "Can change attendance report", "content_type": 21, "codename": "change_attendancereport"}}, {"model": "auth.permission", "pk": 83, "fields": {"name": "Can delete attendance report", "content_type": 21, "codename": "delete_attendancereport"}}, {"model": "auth.permission", "pk": 84, "fields": {"name": "Can view attendance report", "content_type": 21, "codename": "view_attendancereport"}}, {"model": "auth.permission", "pk": 85, "fields": {"name": "Can add admin hod", "content_type": 22, "codename": "add_adminhod"}}, {"model": "auth.permission", "pk": 86, "fields": {"name": "Can change admin hod", "content_type": 22, "codename": "change_adminhod"}}, {"model": "auth.permission", "pk": 87, "fields": {"name": "Can delete admin hod", "content_type": 22, "codename": "delete_adminhod"}}, {"model": "auth.permission", "pk": 88, "fields": {"name": "Can view admin hod", "content_type": 22, "codename": "view_adminhod"}}, {"model": "sessions.session", "pk": "bhkrsjuzg2ncwyzcz4lfdozgn5t51ik3", "fields": {"session_data": "YjRjNTllOTM5M2E0ZmM1Y2I0YWUxMjY4NzExM2Y0NzQ3NDAwN2M4Yzp7Il9hdXRoX3VzZXJfaWQiOiIxIiwiX2F1dGhfdXNlcl9iYWNrZW5kIjoiVkNTLkVtYWlsQmFja0VuZC5FbWFpbEJhY2tFbmQiLCJfYXV0aF91c2VyX2hhc2giOiJkYmUzZmU3ZGM5NTMzZmVkZDk5YTUyZjY1MTJhMzhmOGJlYmJhOTIyIn0=", "expire_date": "2024-05-02T17:43:47.561Z"}}, {"model": "sessions.session", "pk": "na8t4z6gnd1nfkb3lwlmlfaypwtxfabh", "fields": {"session_data": "MWQzZDljYzFiMmI0M2Q3OGQwNmYxOThlZGNmNzhhNTBmZjM4NzUwNzp7Il9hdXRoX3VzZXJfaWQiOiIxIiwiX2F1dGhfdXNlcl9iYWNrZW5kIjoiVkNTLkVtYWlsQmFja0VuZC5FbWFpbEJhY2tFbmQiLCJfYXV0aF91c2VyX2hhc2giOiI1NDg3Y2NmN2QwODIzMGQxMjIzM2M5NDM4M2IzNGZiNjk2NmE5MWM4In0=", "expire_date": "2024-05-04T07:16:19.499Z"}}, {"model": "sessions.session", "pk": "o0le9c0xnmpbdm793t9e9tcdvdwtoffi", "fields": {"session_data": "YjRjNTllOTM5M2E0ZmM1Y2I0YWUxMjY4NzExM2Y0NzQ3NDAwN2M4Yzp7Il9hdXRoX3VzZXJfaWQiOiIxIiwiX2F1dGhfdXNlcl9iYWNrZW5kIjoiVkNTLkVtYWlsQmFja0VuZC5FbWFpbEJhY2tFbmQiLCJfYXV0aF91c2VyX2hhc2giOiJkYmUzZmU3ZGM5NTMzZmVkZDk5YTUyZjY1MTJhMzhmOGJlYmJhOTIyIn0=", "expire_date": "2024-05-02T14:47:33.916Z"}}, {"model": "sessions.session", "pk": "ofk3gr0g90028uy5acvvz5zw7d7ino59", "fields": {"session_data": ".eJxVizEOwjAMAP-SGaE4xUnDCOoLkLpGNraVCujQ0gnx95aNjnen-7hCy7uWZdapDOLOLrvDv2O6P3T8hf56O3YvGp6XTXWj7GA_VZrrdpgGY_ASRVI2z02gyCmzqrFnxHwCToLYoqcUm8RgAQSA2oikQd13BcNoMuY:1rxss9:aVUEQFY4iSySVwWysLoW2DVKkqvHgzd6w71dABPwwI0", "expire_date": "2024-05-03T18:22:05.219Z"}}, {"model": "VCS.sessionyearmodel", "pk": 1, "fields": {"session_start_year": "2024-04-01", "session_end_year": "2024-07-05"}}, {"model": "VCS.sessionyearmodel", "pk": 2, "fields": {"session_start_year": "2024-04-12", "session_end_year": "2024-06-25"}}, {"model": "VCS.sessionyearmodel", "pk": 3, "fields": {"session_start_year": "2024-04-05", "session_end_year": "2024-09-10"}}, {"model": "VCS.sessionyearmodel", "pk": 4, "fields": {"session_start_year": "2024-04-04", "session_end_year": "2024-09-26"}}, {"model": "VCS.sessionyearmodel", "pk": 5, "fields": {"session_start_year": "2024-04-03", "session_end_year": "2025-04-04"}}, {"model": "VCS.sessionyearmodel", "pk": 6, "fields": {"session_start_year": "2024-04-05", "session_end_year": "2024-10-15"}}, {"model": "VCS.customuser", "pk": 1, "fields": {"password": "pbkdf2_sha256$180000$ymJNo8QIjG5H$N/vXUPA+v1A8K440lnFURuHam+2Cw4HUq13S09iGu6w=", "last_login": "2024-04-20T07:47:52.416Z", "is_superuser": true, "username": "jayjoshi", "first_name": "Jay", "last_name": "Joshi", "email": "jayjoshi@gmail.com", "is_staff": true, "is_active": true, "date_joined": "2024-04-18T03:12:55.637Z", "user_type": "1", "groups": [], "user_permissions": []}}, {"model": "VCS.customuser", "pk": 3, "fields": {"password": "pbkdf2_sha256$180000$bUUUuSOQvk9q$qXt7K8EnQTEH3oQmgBzUENtJnWYCnHOcQXj9wgybEig=", "last_login": null, "is_superuser": false, "username": "Neha", "first_name": "Neha", "last_name": "Parmar", "email": "neha@gmail.com", "is_staff": false, "is_active": true, "date_joined": "2024-04-18T03:16:14.018Z", "user_type": "2", "groups": [], "user_permissions": []}}, {"model": "VCS.customuser", "pk": 4, "fields": {"password": "pbkdf2_sha256$180000$UDljT8v4nqHY$co4f4gnUWy0Qed+vXjr4CnKim3mD1SnmtygAnlUFrcI=", "last_login": "2024-04-20T08:20:53.960Z", "is_superuser": false, "username": "keyur", "first_name": "Keyur", "last_name": "Dumatar", "email": "kdumatar88@gmail.com", "is_staff": false, "is_active": true, "date_joined": "2024-04-18T03:16:53.229Z", "user_type": "2", "groups": [], "user_permissions": []}}, {"model": "VCS.customuser", "pk": 5, "fields": {"password": "pbkdf2_sha256$180000$wHYlljenNuNH$uzQJDmuhvcdiePM6fXuCJOCMHAtd2TOyLbCP4B+j4YQ=", "last_login": null, "is_superuser": false, "username": "alpesh", "first_name": "Alpesh", "last_name": "Patel", "email": "alpeshpatel@gmail.com", "is_staff": false, "is_active": true, "date_joined": "2024-04-18T03:19:07.617Z", "user_type": "2", "groups": [], "user_permissions": []}}, {"model": "VCS.customuser", "pk": 6, "fields": {"password": "pbkdf2_sha256$180000$iuaFZk8K5XVl$7WISEkU+a2X+ZgGnmAg0xWWBRYDtLO39bN4/B8PHcu4=", "last_login": null, "is_superuser": false, "username": "vidhi", "first_name": "Vidhi", "last_name": "Rathod", "email": "vidhi08@gmail.com", "is_staff": false, "is_active": true, "date_joined": "2024-04-18T03:20:50.196Z", "user_type": "2", "groups": [], "user_permissions": []}}, {"model": "VCS.customuser", "pk": 7, "fields": {"password": "pbkdf2_sha256$180000$ofppUH4CVRWA$c+o965r4kX/fSbffKOTwmRKUpUpZDV6pWSItJraOEos=", "last_login": "2024-04-18T06:15:37.367Z", "is_superuser": false, "username": "sangita", "first_name": "Sangita", "last_name": "Joshi", "email": "sangitajoshi@gmail.com", "is_staff": false, "is_active": true, "date_joined": "2024-04-18T03:38:36.836Z", "user_type": "3", "groups": [], "user_permissions": []}}, {"model": "VCS.customuser", "pk": 8, "fields": {"password": "pbkdf2_sha256$180000$vni5fC9Uc4Ep$Nv+NpG3EMWkZjPb0LCoxduMcJT8j1rd9NIw0TgKgBN8=", "last_login": null, "is_superuser": false, "username": "ankit", "first_name": "Ankit", "last_name": "Chavda", "email": "ankit@gmail.com", "is_staff": false, "is_active": true, "date_joined": "2024-04-18T03:42:11.634Z", "user_type": "3", "groups": [], "user_permissions": []}}, {"model": "VCS.customuser", "pk": 9, "fields": {"password": "pbkdf2_sha256$180000$VoNN5lh54jsk$taSg4P1gCO1mlWp6beKSh8p9lELK+eGfCFndIvh8qws=", "last_login": "2024-04-20T08:27:06.756Z", "is_superuser": false, "username": "sanjivani", "first_name": "Sanjivani", "last_name": "Gohil", "email": "sanjivanigohil@gmail.com", "is_staff": false, "is_active": true, "date_joined": "2024-04-18T04:08:49.654Z", "user_type": "3", "groups": [], "user_permissions": []}}, {"model": "VCS.customuser", "pk": 11, "fields": {"password": "pbkdf2_sha256$180000$I1fLLI2mzFaG$LP9V3n3mhQ7pkSCPgdbBtOQ6xNjFn40E7c72CEpIqpc=", "last_login": null, "is_superuser": false, "username": "uttpal", "first_name": "Uttpal", "last_name": "Chavda", "email": "uttpal@gmail.com", "is_staff": false, "is_active": true, "date_joined": "2024-04-18T04:10:35.848Z", "user_type": "3", "groups": [], "user_permissions": []}}, {"model": "VCS.customuser", "pk": 13, "fields": {"password": "pbkdf2_sha256$180000$R11GH5ize0I5$zOIlMZLzU87EfDicEMtJ14pJvFW2Ne5IofUDWj8BeG0=", "last_login": "2024-04-18T13:54:41.851Z", "is_superuser": false, "username": "sanjay", "first_name": "Sanjay", "last_name": "Joshi", "email": "sanjayjoshi@gmail.com", "is_staff": false, "is_active": true, "date_joined": "2024-04-18T12:22:26.396Z", "user_type": "2", "groups": [], "user_permissions": []}}, {"model": "VCS.customuser", "pk": 15, "fields": {"password": "pbkdf2_sha256$180000$QTJ2ALPwrNMZ$IbbMVdcFCoFMnqGcu82OW4Er41xyZsh8EmXcxHc5pr8=", "last_login": null, "is_superuser": false, "username": "devarshi", "first_name": "Devarshi", "last_name": "Parjapati", "email": "deavrshi@gmail.com", "is_staff": false, "is_active": true, "date_joined": "2024-04-19T05:12:05.633Z", "user_type": "3", "groups": [], "user_permissions": []}}, {"model": "VCS.customuser", "pk": 18, "fields": {"password": "pbkdf2_sha256$180000$DjnmKu6p8OhW$SC1JKgeqzTR7fbjrYR6aGjGI51OEt0tlAPFw6g0ErTA=", "last_login": null, "is_superuser": false, "username": "umang", "first_name": "Umang", "last_name": "Trivedi", "email": "utrivedi180@gmail.com", "is_staff": false, "is_active": true, "date_joined": "2024-04-19T08:24:58Z", "user_type": "1", "groups": [], "user_permissions": []}}, {"model": "VCS.customuser", "pk": 19, "fields": {"password": "pbkdf2_sha256$180000$XEkr42Mpt5c3$IdYXPaaaqN0Dg1tKtWOcPRwiH/qgxwk108c6GVmoRVs=", "last_login": null, "is_superuser": false, "username": "devu", "first_name": "Devanshi", "last_name": "Padia", "email": "devanshi@gmail.com", "is_staff": false, "is_active": true, "date_joined": "2024-04-20T08:10:33.623Z", "user_type": "2", "groups": [], "user_permissions": []}}, {"model": "VCS.customuser", "pk": 20, "fields": {"password": "pbkdf2_sha256$180000$VKVfoovGNSlr$Zv2d+Ccs7+EHJuE4MoQtbqy2B6YNbGRy7wB2w9JJcXA=", "last_login": null, "is_superuser": false, "username": "radhika", "first_name": "Radhika", "last_name": "Valand", "email": "radhika@gmail.com", "is_staff": false, "is_active": true, "date_joined": "2024-04-20T08:19:44.918Z", "user_type": "3", "groups": [], "user_permissions": []}}, {"model": "VCS.adminhod", "pk": 1, "fields": {"admin": 1, "created_at": "2024-04-18T03:12:55.726Z", "updated_at": "2024-04-18T03:12:55.734Z"}}, {"model": "VCS.adminhod", "pk": 4, "fields": {"admin": 18, "created_at": "2024-04-19T08:24:59.049Z", "updated_at": "2024-04-19T08:24:59.050Z"}}, {"model": "VCS.staffs", "pk": 2, "fields": {"admin": 3, "address": "Bapunagar, Ahmedabad.", "mobile_no": "8238061585", "created_at": "2024-04-18T03:16:14.262Z", "updated_at": "2024-04-20T07:16:38.872Z"}}, {"model": "VCS.staffs", "pk": 3, "fields": {"admin": 4, "address": "Riverfront, Ahmedabad", "mobile_no": "8238061547", "created_at": "2024-04-18T03:16:53.808Z", "updated_at": "2024-04-20T07:17:25.043Z"}}, {"model": "VCS.staffs", "pk": 4, "fields": {"admin": 5, "address": "Isanpur, Ahmedabad.", "mobile_no": "8754786987", "created_at": "2024-04-18T03:19:07.850Z", "updated_at": "2024-04-20T07:17:38.253Z"}}, {"model": "VCS.staffs", "pk": 5, "fields": {"admin": 6, "address": "Saraspur, Ahmedabad", "mobile_no": "9658475612", "created_at": "2024-04-18T03:20:50.442Z", "updated_at": "2024-04-20T07:17:52.035Z"}}, {"model": "VCS.staffs", "pk": 6, "fields": {"admin": 13, "address": "Isanpur, Ahmedabad", "mobile_no": "8547332153", "created_at": "2024-04-18T12:22:26.633Z", "updated_at": "2024-04-20T07:18:06.776Z"}}, {"model": "VCS.staffs", "pk": 7, "fields": {"admin": 19, "address": "Maninagar, Ahmedabad.", "mobile_no": "8255248757", "created_at": "2024-04-20T08:10:33.698Z", "updated_at": "2024-04-20T08:10:33.732Z"}}, {"model": "VCS.courses", "pk": 1, "fields": {"course_name": "CCC", "created_at": "2024-04-18T03:21:20.173Z", "updated_at": "2024-04-18T03:21:20.173Z"}}, {"model": "VCS.courses", "pk": 2, "fields": {"course_name": "Tally", "created_at": "2024-04-18T03:21:23.149Z", "updated_at": "2024-04-18T03:21:23.149Z"}}, {"model": "VCS.courses", "pk": 3, "fields": {"course_name": "Graphics Design", "created_at": "2024-04-18T03:21:26.664Z", "updated_at": "2024-04-18T03:21:26.664Z"}}, {"model": "VCS.courses", "pk": 4, "fields": {"course_name": "AutoCad", "created_at": "2024-04-18T03:21:33.664Z", "updated_at": "2024-04-18T03:21:33.664Z"}}, {"model": "VCS.courses", "pk": 5, "fields": {"course_name": "Full Stack Developer", "created_at": "2024-04-18T03:21:52.663Z", "updated_at": "2024-04-18T03:21:52.663Z"}}, {"model": "VCS.courses", "pk": 7, "fields": {"course_name": "Advance Excel", "created_at": "2024-04-18T13:22:51.223Z", "updated_at": "2024-04-18T13:22:51.223Z"}}, {"model": "VCS.subjects", "pk": 1, "fields": {"subject_name": "MS Word", "course_id": 1, "staff_id": 3, "created_at": "2024-04-18T03:22:01.547Z", "updated_at": "2024-04-19T08:21:43.785Z"}}, {"model": "VCS.subjects", "pk": 2, "fields": {"subject_name": "MS Excel", "course_id": 1, "staff_id": 3, "created_at": "2024-04-18T03:22:06.443Z", "updated_at": "2024-04-19T08:21:53.443Z"}}, {"model": "VCS.subjects", "pk": 3, "fields": {"subject_name": "GST", "course_id": 2, "staff_id": 3, "created_at": "2024-04-18T03:22:21.536Z", "updated_at": "2024-04-18T03:22:21.536Z"}}, {"model": "VCS.subjects", "pk": 4, "fields": {"subject_name": "TDS", "course_id": 2, "staff_id": 3, "created_at": "2024-04-18T03:22:31.085Z", "updated_at": "2024-04-18T03:22:31.085Z"}}, {"model": "VCS.subjects", "pk": 5, "fields": {"subject_name": "Adobe Photoshop", "course_id": 3, "staff_id": 4, "created_at": "2024-04-18T03:22:41.784Z", "updated_at": "2024-04-18T03:22:41.784Z"}}, {"model": "VCS.subjects", "pk": 6, "fields": {"subject_name": "Adobe illustration ", "course_id": 3, "staff_id": 4, "created_at": "2024-04-18T03:22:58.993Z", "updated_at": "2024-04-18T03:22:58.993Z"}}, {"model": "VCS.subjects", "pk": 7, "fields": {"subject_name": "2D Drawing", "course_id": 4, "staff_id": 5, "created_at": "2024-04-18T03:24:31.297Z", "updated_at": "2024-04-18T03:24:31.297Z"}}, {"model": "VCS.subjects", "pk": 8, "fields": {"subject_name": "3D Modeling", "course_id": 4, "staff_id": 5, "created_at": "2024-04-18T03:24:46.278Z", "updated_at": "2024-04-18T03:24:46.278Z"}}, {"model": "VCS.subjects", "pk": 9, "fields": {"subject_name": "HTML 5, CSS 3", "course_id": 5, "staff_id": 6, "created_at": "2024-04-18T03:25:27.915Z", "updated_at": "2024-04-18T03:26:02.349Z"}}, {"model": "VCS.subjects", "pk": 10, "fields": {"subject_name": "JavaScript", "course_id": 5, "staff_id": 6, "created_at": "2024-04-18T03:25:40.932Z", "updated_at": "2024-04-18T03:25:40.932Z"}}, {"model": "VCS.students", "pk": 1, "fields": {"admin": 7, "mobile_no": "8865794588", "gender": "Female", "profile_pic": "/media/IMG_20230714_121012_ocWrdA0.jpg", "address": "Vatva, Ahmedabad.", "course_id": 1, "session_year_id": 1, "created_at": "2024-04-18T03:38:37.096Z", "updated_at": "2024-04-20T07:58:08.712Z"}}, {"model": "VCS.students", "pk": 3, "fields": {"admin": 9, "mobile_no": "6352296575", "gender": "Female", "profile_pic": "/media/WhatsApp%20Image%202024-04-18%20at%209.37.33%20AM%20(1).jpeg", "address": "Law College, Ahmedabad", "course_id": 3, "session_year_id": 3, "created_at": "2024-04-18T04:08:49.923Z", "updated_at": "2024-04-20T08:00:03.778Z"}}, {"model": "VCS.students", "pk": 5, "fields": {"admin": 11, "mobile_no": "9898257463", "gender": "Male", "profile_pic": "/media/WhatsApp%20Image%202024-04-18%20at%209.37.34%20AM.jpeg", "address": "Chandkheda, Ahmedabad", "course_id": 3, "session_year_id": 3, "created_at": "2024-04-18T04:10:36.068Z", "updated_at": "2024-04-20T08:00:28.354Z"}}, {"model": "VCS.students", "pk": 6, "fields": {"admin": 15, "mobile_no": "9845785887", "gender": "Male", "profile_pic": "/media/WhatsApp%20Image%202024-04-18%20at%209.37.33%20AM_pQcitqX.jpeg", "address": "Asrwa, Ahmedabad", "course_id": 7, "session_year_id": 6, "created_at": "2024-04-19T05:12:05.862Z", "updated_at": "2024-04-20T08:00:46.303Z"}}, {"model": "VCS.students", "pk": 7, "fields": {"admin": 20, "mobile_no": "8758754787", "gender": "Female", "profile_pic": "/media/team-2.jpg", "address": "Sola, Ahmedabad", "course_id": 7, "session_year_id": 6, "created_at": "2024-04-20T08:19:44.924Z", "updated_at": "2024-04-20T08:19:45.183Z"}}, {"model": "VCS.attendance", "pk": 1, "fields": {"subject_id": 1, "attendance_date": "2024-04-17", "session_year_id": 1, "created_at": "2024-04-18T04:15:40.950Z", "updated_at": "2024-04-18T04:15:40.950Z"}}, {"model": "VCS.attendance", "pk": 2, "fields": {"subject_id": 2, "attendance_date": "2024-04-24", "session_year_id": 1, "created_at": "2024-04-18T04:17:13.329Z", "updated_at": "2024-04-18T04:17:13.329Z"}}, {"model": "VCS.attendance", "pk": 3, "fields": {"subject_id": 1, "attendance_date": "2024-04-18", "session_year_id": 1, "created_at": "2024-04-18T06:11:07.157Z", "updated_at": "2024-04-18T06:11:07.157Z"}}, {"model": "VCS.attendance", "pk": 5, "fields": {"subject_id": 5, "attendance_date": "2024-04-12", "session_year_id": 3, "created_at": "2024-04-18T14:54:04.424Z", "updated_at": "2024-04-18T14:54:04.424Z"}}, {"model": "VCS.attendance", "pk": 6, "fields": {"subject_id": 6, "attendance_date": "2024-04-02", "session_year_id": 3, "created_at": "2024-04-18T14:54:25.969Z", "updated_at": "2024-04-18T14:54:25.969Z"}}, {"model": "VCS.attendance", "pk": 9, "fields": {"subject_id": 6, "attendance_date": "2024-04-15", "session_year_id": 3, "created_at": "2024-04-19T03:25:51.529Z", "updated_at": "2024-04-19T03:25:51.530Z"}}, {"model": "VCS.attendance", "pk": 10, "fields": {"subject_id": 5, "attendance_date": "2024-04-17", "session_year_id": 3, "created_at": "2024-04-19T04:20:46.378Z", "updated_at": "2024-04-19T04:20:46.378Z"}}, {"model": "VCS.attendance", "pk": 11, "fields": {"subject_id": 6, "attendance_date": "2024-04-16", "session_year_id": 3, "created_at": "2024-04-19T04:20:59.412Z", "updated_at": "2024-04-19T04:20:59.412Z"}}, {"model": "VCS.attendance", "pk": 12, "fields": {"subject_id": 6, "attendance_date": "2024-04-19", "session_year_id": 3, "created_at": "2024-04-19T04:22:29.061Z", "updated_at": "2024-04-19T04:22:29.061Z"}}, {"model": "VCS.attendance", "pk": 13, "fields": {"subject_id": 5, "attendance_date": "2024-04-01", "session_year_id": 3, "created_at": "2024-04-19T04:46:32.736Z", "updated_at": "2024-04-19T04:46:32.736Z"}}, {"model": "VCS.attendance", "pk": 14, "fields": {"subject_id": 5, "attendance_date": "2024-04-05", "session_year_id": 3, "created_at": "2024-04-19T04:57:15.972Z", "updated_at": "2024-04-19T04:57:15.972Z"}}, {"model": "VCS.attendancereport", "pk": 1, "fields": {"student_id": 1, "attendance_id": 1, "status": true, "created_at": "2024-04-18T04:15:40.966Z", "updated_at": "2024-04-18T04:15:40.966Z"}}, {"model": "VCS.attendancereport", "pk": 2, "fields": {"student_id": 1, "attendance_id": 2, "status": false, "created_at": "2024-04-18T04:17:13.342Z", "updated_at": "2024-04-18T04:17:13.342Z"}}, {"model": "VCS.attendancereport", "pk": 3, "fields": {"student_id": 1, "attendance_id": 3, "status": true, "created_at": "2024-04-18T06:11:07.176Z", "updated_at": "2024-04-18T06:11:07.176Z"}}, {"model": "VCS.attendancereport", "pk": 6, "fields": {"student_id": 3, "attendance_id": 5, "status": true, "created_at": "2024-04-18T14:54:04.440Z", "updated_at": "2024-04-18T15:08:14.470Z"}}, {"model": "VCS.attendancereport", "pk": 7, "fields": {"student_id": 5, "attendance_id": 5, "status": true, "created_at": "2024-04-18T14:54:04.444Z", "updated_at": "2024-04-18T15:08:14.494Z"}}, {"model": "VCS.attendancereport", "pk": 8, "fields": {"student_id": 3, "attendance_id": 6, "status": false, "created_at": "2024-04-18T14:54:25.979Z", "updated_at": "2024-04-18T14:54:25.979Z"}}, {"model": "VCS.attendancereport", "pk": 9, "fields": {"student_id": 5, "attendance_id": 6, "status": true, "created_at": "2024-04-18T14:54:25.979Z", "updated_at": "2024-04-18T14:54:25.979Z"}}, {"model": "VCS.attendancereport", "pk": 14, "fields": {"student_id": 3, "attendance_id": 9, "status": true, "created_at": "2024-04-19T03:25:51.536Z", "updated_at": "2024-04-19T03:25:51.536Z"}}, {"model": "VCS.attendancereport", "pk": 15, "fields": {"student_id": 5, "attendance_id": 9, "status": true, "created_at": "2024-04-19T03:25:51.550Z", "updated_at": "2024-04-19T03:25:51.550Z"}}, {"model": "VCS.attendancereport", "pk": 16, "fields": {"student_id": 3, "attendance_id": 10, "status": true, "created_at": "2024-04-19T04:20:46.394Z", "updated_at": "2024-04-19T04:20:46.394Z"}}, {"model": "VCS.attendancereport", "pk": 17, "fields": {"student_id": 5, "attendance_id": 10, "status": true, "created_at": "2024-04-19T04:20:46.420Z", "updated_at": "2024-04-19T04:20:46.420Z"}}, {"model": "VCS.attendancereport", "pk": 18, "fields": {"student_id": 3, "attendance_id": 11, "status": true, "created_at": "2024-04-19T04:20:59.421Z", "updated_at": "2024-04-19T04:20:59.421Z"}}, {"model": "VCS.attendancereport", "pk": 19, "fields": {"student_id": 5, "attendance_id": 11, "status": true, "created_at": "2024-04-19T04:20:59.428Z", "updated_at": "2024-04-19T04:20:59.428Z"}}, {"model": "VCS.attendancereport", "pk": 20, "fields": {"student_id": 3, "attendance_id": 12, "status": false, "created_at": "2024-04-19T04:22:29.077Z", "updated_at": "2024-04-19T04:22:29.077Z"}}, {"model": "VCS.attendancereport", "pk": 21, "fields": {"student_id": 5, "attendance_id": 12, "status": true, "created_at": "2024-04-19T04:22:29.083Z", "updated_at": "2024-04-19T04:22:29.083Z"}}, {"model": "VCS.attendancereport", "pk": 22, "fields": {"student_id": 3, "attendance_id": 13, "status": true, "created_at": "2024-04-19T04:46:32.752Z", "updated_at": "2024-04-19T04:46:32.752Z"}}, {"model": "VCS.attendancereport", "pk": 23, "fields": {"student_id": 5, "attendance_id": 13, "status": true, "created_at": "2024-04-19T04:46:32.760Z", "updated_at": "2024-04-19T04:46:32.760Z"}}, {"model": "VCS.attendancereport", "pk": 24, "fields": {"student_id": 3, "attendance_id": 14, "status": true, "created_at": "2024-04-19T04:57:15.986Z", "updated_at": "2024-04-19T04:57:15.986Z"}}, {"model": "VCS.attendancereport", "pk": 25, "fields": {"student_id": 5, "attendance_id": 14, "status": true, "created_at": "2024-04-19T04:57:15.995Z", "updated_at": "2024-04-19T04:57:15.995Z"}}, {"model": "VCS.leavereportstudent", "pk": 1, "fields": {"student_id": 1, "leave_date": "2024-04-20", "leave_message": "GOing to trip", "leave_status": 1, "created_at": "2024-04-18T04:18:52.455Z", "updated_at": "2024-04-18T04:20:16.775Z"}}, {"model": "VCS.leavereportstudent", "pk": 2, "fields": {"student_id": 3, "leave_date": "2024-04-20", "leave_message": "go to college trip", "leave_status": 0, "created_at": "2024-04-18T17:38:27.652Z", "updated_at": "2024-04-18T17:38:27.652Z"}}, {"model": "VCS.leavereportstaff", "pk": 2, "fields": {"staff_id": 3, "leave_date": "2024-04-24", "leave_message": "going to trip", "leave_status": 0, "created_at": "2024-04-18T14:38:26.528Z", "updated_at": "2024-04-18T14:38:26.528Z"}}, {"model": "VCS.leavereportstaff", "pk": 3, "fields": {"staff_id": 3, "leave_date": "2024-04-15", "leave_message": "participate in hackethon", "leave_status": 1, "created_at": "2024-04-18T14:40:42.603Z", "updated_at": "2024-04-18T14:48:12.694Z"}}, {"model": "VCS.leavereportstaff", "pk": 4, "fields": {"staff_id": 3, "leave_date": "2024-04-19", "leave_message": "sick", "leave_status": 0, "created_at": "2024-04-19T04:45:10.301Z", "updated_at": "2024-04-19T04:45:10.301Z"}}, {"model": "VCS.feedbackstudent", "pk": 1, "fields": {"student_id": 1, "feedback": "For study propery its a best classes", "feedback_reply": "Thanks For Feedback", "created_at": "2024-04-18T04:19:14.650Z", "updated_at": "2024-04-18T04:20:05.995Z"}}, {"model": "VCS.feedbackstudent", "pk": 2, "fields": {"student_id": 3, "feedback": "great computer classes for computer courses, & staffs teaching methods is also easy", "feedback_reply": "", "created_at": "2024-04-19T05:08:15.509Z", "updated_at": "2024-04-19T05:08:15.509Z"}}, {"model": "VCS.feedbackstaffs", "pk": 2, "fields": {"staff_id": 3, "feedback": "keep students engaged throughout the class by incorporating interactive activities, hands-on exercises, and real-life examples relevant to the subject matter.", "feedback_reply": "Thanks for feedback", "created_at": "2024-04-18T14:44:51.277Z", "updated_at": "2024-04-18T14:48:33.207Z"}}, {"model": "VCS.feedbackstaffs", "pk": 3, "fields": {"staff_id": 3, "feedback": "instructions are communicated clearly and effectively to all students, ensuring that everyone understands the material being taught.", "feedback_reply": "", "created_at": "2024-04-18T14:47:00.589Z", "updated_at": "2024-04-18T14:47:00.589Z"}}, {"model": "VCS.notificationstudent", "pk": 1, "fields": {"student_id": 1, "message": "Please Pay Your Fees ", "created_at": "2024-04-18T06:03:07.069Z", "updated_at": "2024-04-18T06:03:07.069Z", "status": 0}}, {"model": "VCS.notificationstudent", "pk": 3, "fields": {"student_id": 3, "message": "Please Pay Your Fees ", "created_at": "2024-04-18T17:44:54.074Z", "updated_at": "2024-04-18T17:45:03.115Z", "status": 1}}, {"model": "VCS.notificationstudent", "pk": 4, "fields": {"student_id": 3, "message": "submit ur passport size photo in office ", "created_at": "2024-04-18T17:45:31.313Z", "updated_at": "2024-04-18T17:45:31.313Z", "status": 0}}, {"model": "VCS.staff_notification", "pk": 4, "fields": {"staff_id": 3, "message": "Send me the report card of students", "created_at": "2024-04-18T14:48:03.007Z", "updated_at": "2024-04-18T14:48:03.007Z", "status": 0}}, {"model": "VCS.staff_notification", "pk": 5, "fields": {"staff_id": 3, "message": "You attended the students yesterday", "created_at": "2024-04-18T14:51:45.486Z", "updated_at": "2024-04-18T14:51:59.005Z", "status": 1}}, {"model": "VCS.studentresult", "pk": 1, "fields": {"student_id": 1, "subject_id": 1, "subject_exam_marks": 50.0, "subject_assignment_marks": 18.0, "created_at": "2024-04-18T04:16:09.789Z", "updated_at": "2024-04-18T04:16:09.789Z"}}, {"model": "VCS.studentresult", "pk": 2, "fields": {"student_id": 1, "subject_id": 2, "subject_exam_marks": 3.0, "subject_assignment_marks": 1.0, "created_at": "2024-04-18T04:20:57.254Z", "updated_at": "2024-04-18T04:20:57.254Z"}}, {"model": "VCS.studentresult", "pk": 4, "fields": {"student_id": 5, "subject_id": 6, "subject_exam_marks": 84.0, "subject_assignment_marks": 25.0, "created_at": "2024-04-18T14:34:51.849Z", "updated_at": "2024-04-18T14:34:51.849Z"}}, {"model": "VCS.studentresult", "pk": 5, "fields": {"student_id": 5, "subject_id": 5, "subject_exam_marks": 45.0, "subject_assignment_marks": 21.0, "created_at": "2024-04-18T15:08:48.073Z", "updated_at": "2024-04-18T15:08:48.073Z"}}, {"model": "VCS.studentresult", "pk": 6, "fields": {"student_id": 3, "subject_id": 6, "subject_exam_marks": 32.0, "subject_assignment_marks": 12.0, "created_at": "2024-04-19T04:40:27.725Z", "updated_at": "2024-04-19T04:40:27.725Z"}}, {"model": "VCS.studentresult", "pk": 7, "fields": {"student_id": 3, "subject_id": 5, "subject_exam_marks": 35.0, "subject_assignment_marks": 20.0, "created_at": "2024-04-19T04:40:41.978Z", "updated_at": "2024-04-19T05:04:07.274Z"}}, {"model": "admin.logentry", "pk": 1, "fields": {"action_time": "2024-04-18T03:29:05.371Z", "user": 1, "content_type": 15, "object_id": "1", "object_repr": "Umang", "action_flag": 3, "change_message": ""}}, {"model": "admin.logentry", "pk": 2, "fields": {"action_time": "2024-04-18T16:56:16.757Z", "user": 1, "content_type": 12, "object_id": "5", "object_repr": "Uttpal Chavda", "action_flag": 3, "change_message": ""}}, {"model": "admin.logentry", "pk": 3, "fields": {"action_time": "2024-04-18T16:56:16.767Z", "user": 1, "content_type": 12, "object_id": "3", "object_repr": "Sanjivani Gohil", "action_flag": 3, "change_message": ""}}, {"model": "admin.logentry", "pk": 4, "fields": {"action_time": "2024-04-18T16:56:16.772Z", "user": 1, "content_type": 12, "object_id": "1", "object_repr": "Sangita Joshi", "action_flag": 3, "change_message": ""}}, {"model": "admin.logentry", "pk": 5, "fields": {"action_time": "2024-04-18T17:03:56.477Z", "user": 1, "content_type": 10, "object_id": "12", "object_repr": "devarshi", "action_flag": 3, "change_message": ""}}, {"model": "admin.logentry", "pk": 6, "fields": {"action_time": "2024-04-18T17:03:56.494Z", "user": 1, "content_type": 10, "object_id": "10", "object_repr": "rushabh", "action_flag": 3, "change_message": ""}}, {"model": "admin.logentry", "pk": 7, "fields": {"action_time": "2024-04-18T17:03:56.506Z", "user": 1, "content_type": 10, "object_id": "14", "object_repr": "virat", "action_flag": 3, "change_message": ""}}, {"model": "admin.logentry", "pk": 8, "fields": {"action_time": "2024-04-19T04:32:12.649Z", "user": 1, "content_type": 13, "object_id": "3", "object_repr": "SanjivaniGohil subject:  Adobe illustration ", "action_flag": 3, "change_message": ""}}, {"model": "admin.logentry", "pk": 9, "fields": {"action_time": "2024-04-19T04:55:47.208Z", "user": 1, "content_type": 6, "object_id": "8", "object_repr": "Attendance object (8)", "action_flag": 3, "change_message": ""}}, {"model": "admin.logentry", "pk": 10, "fields": {"action_time": "2024-04-19T04:55:47.222Z", "user": 1, "content_type": 6, "object_id": "7", "object_repr": "Attendance object (7)", "action_flag": 3, "change_message": ""}}, {"model": "admin.logentry", "pk": 11, "fields": {"action_time": "2024-04-19T04:55:47.231Z", "user": 1, "content_type": 6, "object_id": "4", "object_repr": "Attendance object (4)", "action_flag": 3, "change_message": ""}}, {"model": "admin.logentry", "pk": 12, "fields": {"action_time": "2024-04-19T07:59:24.638Z", "user": 1, "content_type": 14, "object_id": "1", "object_repr": "Umang Trivedi", "action_flag": 3, "change_message": ""}}, {"model": "admin.logentry", "pk": 13, "fields": {"action_time": "2024-04-19T08:00:06.447Z", "user": 1, "content_type": 10, "object_id": "2", "object_repr": "Umang", "action_flag": 3, "change_message": ""}}, {"model": "admin.logentry", "pk": 14, "fields": {"action_time": "2024-04-19T08:00:29.580Z", "user": 1, "content_type": 10, "object_id": "2", "object_repr": "Umang_Trivedi", "action_flag": 2, "change_message": "[{\"changed\": {\"fields\": [\"Username\"]}}]"}}, {"model": "admin.logentry", "pk": 15, "fields": {"action_time": "2024-04-19T08:02:20.109Z", "user": 1, "content_type": 10, "object_id": "16", "object_repr": "umang", "action_flag": 1, "change_message": "[{\"added\": {}}]"}}, {"model": "admin.logentry", "pk": 16, "fields": {"action_time": "2024-04-19T08:03:53.691Z", "user": 1, "content_type": 22, "object_id": "2", "object_repr": " ", "action_flag": 3, "change_message": ""}}, {"model": "admin.logentry", "pk": 17, "fields": {"action_time": "2024-04-19T08:20:12.294Z", "user": 1, "content_type": 22, "object_id": "3", "object_repr": "Umang", "action_flag": 3, "change_message": ""}}, {"model": "admin.logentry", "pk": 18, "fields": {"action_time": "2024-04-19T08:20:49.477Z", "user": 1, "content_type": 10, "object_id": "17", "object_repr": "Umang", "action_flag": 3, "change_message": ""}}, {"model": "admin.logentry", "pk": 19, "fields": {"action_time": "2024-04-19T08:20:49.487Z", "user": 1, "content_type": 10, "object_id": "2", "object_repr": "Umang_Trivedi", "action_flag": 3, "change_message": ""}}, {"model": "admin.logentry", "pk": 20, "fields": {"action_time": "2024-04-19T08:22:01.526Z", "user": 1, "content_type": 10, "object_id": "17", "object_repr": "Umang", "action_flag": 3, "change_message": ""}}, {"model": "admin.logentry", "pk": 21, "fields": {"action_time": "2024-04-19T08:22:01.536Z", "user": 1, "content_type": 10, "object_id": "2", "object_repr": "Umang_Trivedi", "action_flag": 3, "change_message": ""}}, {"model": "admin.logentry", "pk": 22, "fields": {"action_time": "2024-04-19T08:22:16.151Z", "user": 1, "content_type": 10, "object_id": "16", "object_repr": "umang", "action_flag": 3, "change_message": ""}}, {"model": "admin.logentry", "pk": 23, "fields": {"action_time": "2024-04-19T08:24:59.050Z", "user": 1, "content_type": 10, "object_id": "18", "object_repr": "umang", "action_flag": 1, "change_message": "[{\"added\": {}}]"}}, {"model": "admin.logentry", "pk": 24, "fields": {"action_time": "2024-04-19T08:25:25.445Z", "user": 1, "content_type": 10, "object_id": "18", "object_repr": "umang", "action_flag": 2, "change_message": "[{\"changed\": {\"fields\": [\"First name\", \"Last name\", \"Email address\"]}}]"}}, {"model": "admin.logentry", "pk": 25, "fields": {"action_time": "2024-04-19T08:27:19.961Z", "user": 1, "content_type": 10, "object_id": "18", "object_repr": "umang", "action_flag": 2, "change_message": "[]"}}, {"model": "admin.logentry", "pk": 26, "fields": {"action_time": "2024-04-19T08:27:24.766Z", "user": 1, "content_type": 10, "object_id": "18", "object_repr": "umang", "action_flag": 2, "change_message": "[]"}}]